id,hostname,repo_url,watcher,forks,stars,commits,last_updated,forked_by,readme,language,category
0,dictionary-by-api-ninjas.p.rapidapi.com,https://github.com/bramha-hub/Dictionary,1,0,0,,,,,HTML,Web Development
0,dictionary-by-api-ninjas.p.rapidapi.com,https://github.com/olasunkanmi04/meaning,2,0,0,,,,,SCSS,Web Development
0,dictionary-by-api-ninjas.p.rapidapi.com,https://github.com/UmaSahni/Dictionary-App,1,0,0,,,,,JavaScript,Web Development
0,dictionary-by-api-ninjas.p.rapidapi.com,https://github.com/Henerystone/ws2,1,0,0,,,,,Jupyter Notebook,Web Development
0,dictionary-by-api-ninjas.p.rapidapi.com,https://github.com/aidanywu/furious_five,0,2,0,,,,,CSS,Web Development
0,dictionary-by-api-ninjas.p.rapidapi.com,https://github.com/SeanAllen19/Word-Guessing-Game,1,1,1,,,,,JavaScript,Web Development
0,dictionary-by-api-ninjas.p.rapidapi.com,https://github.com/Ishi-Singh/Fastpages,1,0,0,,,,,Jupyter Notebook,Web Development
0,dictionary-by-api-ninjas.p.rapidapi.com,https://github.com/akinloluwami/dic,2,0,0,,,,,CSS,Web Development
0,dictionary-by-api-ninjas.p.rapidapi.com,https://github.com/Manishb18/Project-Spell-Champ,1,0,0,,,,,CSS,Web Development
0,dictionary-by-api-ninjas.p.rapidapi.com,https://github.com/s1s2s3s4s5s/sm-dic,1,0,0,,,,,TypeScript,Web Development
0,dictionary-by-api-ninjas.p.rapidapi.com,https://github.com/lwu1822/fastpages,1,2,0,,,,,Jupyter Notebook,Web Development
0,dictionary-by-api-ninjas.p.rapidapi.com,https://github.com/sbboxs/ID_Assignment-2,1,1,0,,,,,HTML,Web Development
0,text-translator2.p.rapidapi.com,https://github.com/romancitodev/fewwis-bot,1,0,8,,,,,Rust,Backend and Systems
0,text-translator2.p.rapidapi.com,https://github.com/linder3hs/codigo-g12,1,1,22,,,,,HTML,Web Development
0,text-translator2.p.rapidapi.com,https://github.com/amenai1979/wxflightpath,2,0,5,,,,,Python,General-Purpose and Scripting
0,text-translator2.p.rapidapi.com,https://github.com/johsan32/Translate-ReduxToolkit,1,0,0,,,,,Unknown,Unknown
0,text-translator2.p.rapidapi.com,https://github.com/looma/Looma-II,4,6,6,,,,,JavaScript,Web Development
0,text-translator2.p.rapidapi.com,https://github.com/sunjay-dev/translator,1,0,1,,,,,HTML,Web Development
0,text-translator2.p.rapidapi.com,https://github.com/alvarocormi/206DWESAplicacionFinal,1,0,0,,,,,CSS,Web Development
0,text-translator2.p.rapidapi.com,https://github.com/marcoscorrales/JSONTranslate,1,0,0,,,,,TypeScript,Web Development
0,text-translator2.p.rapidapi.com,https://github.com/RohiV04/sih_transalte_app,1,0,0,,,,,Python,General-Purpose and Scripting
0,text-translator2.p.rapidapi.com,https://github.com/Ashmit-cpp/LangBridge,2,0,0,,,,,TypeScript,Web Development
0,text-translator2.p.rapidapi.com,https://github.com/mikaelagrace/NLPActivities,0,0,0,,,,,JavaScript,Web Development
0,text-translator2.p.rapidapi.com,https://github.com/Pbonmars-20031006/translatorApp,1,0,0,,,,,Dart,Mobile App Development
0,text-translator2.p.rapidapi.com,https://github.com/srwesteban/traductor,1,0,0,,,,,JavaScript,Web Development
0,text-translator2.p.rapidapi.com,https://github.com/phiwen96/Maxiumus,1,0,0,,,,,C++,Backend and Systems
0,text-translator2.p.rapidapi.com,https://github.com/Newdeveloper-c/Lessons,1,0,0,,,,,C#,Backend and Systems
0,text-translator2.p.rapidapi.com,https://github.com/dukeofsoftware/translator-berapp,1,0,4,,,,,TypeScript,Web Development
0,text-translator2.p.rapidapi.com,https://github.com/Rusty-Full-Stack/http-examples,1,0,0,,,,,Rust,Backend and Systems
0,text-translator2.p.rapidapi.com,https://github.com/yunushanifi84/General-Discord-Bot-Project,1,0,0,,,,,JavaScript,Web Development
0,text-translator2.p.rapidapi.com,https://github.com/munashex/Language-Translate,1,0,0,,,,,TypeScript,Web Development
0,text-translator2.p.rapidapi.com,https://github.com/kansarakeval/logic_translator,1,0,0,,,,,C++,Backend and Systems
0,lanytek-audio2midi.p.rapidapi.com,https://github.com/LanyTek/audio2midi_service,1,0,0,,,,,Unknown,Unknown
0,translator163.p.rapidapi.com,https://github.com/douglasvejar/TO-DO-PAGE,1,0,0,,,,,JavaScript,Web Development
0,google-translate-api8.p.rapidapi.com,https://github.com/bounswe/bounswe2023group2,8,2,10,,,,,Kotlin,Mobile App Development
0,mores-code-translator.p.rapidapi.com,https://github.com/naeimsalib/MorseCodeAPP,1,0,0,,,,,CSS,Web Development
0,cheap-translate.p.rapidapi.com,https://github.com/michelleduong35/blurb,1,0,0,,,,,HTML,Web Development
0,cheap-translate.p.rapidapi.com,https://github.com/xumoyuns/translator-app,1,0,1,,,,,JavaScript,Web Development
0,google-translate105.p.rapidapi.com,https://github.com/Rohan-lahane/AforAi,1,0,0,,,,,TypeScript,Web Development
0,google-translate105.p.rapidapi.com,https://github.com/Elhameed/language_translation_tool,1,0,0,,,,,Python,General-Purpose and Scripting
0,google-translate105.p.rapidapi.com,https://github.com/sugoiJG/learn-japanese-app,1,0,0,,,,,JavaScript,Web Development
0,lecto-translation.p.rapidapi.com,https://github.com/while1618/i18n-auto-translation,1,20,62,,,,,TypeScript,Web Development
0,lecto-translation.p.rapidapi.com,https://github.com/Samantha-Sokolis/team-project-1,3,2,2,,,,,HTML,Web Development
0,lecto-translation.p.rapidapi.com,https://github.com/lecto-ai/docs,1,2,0,,,,,Unknown,Unknown
0,lecto-translation.p.rapidapi.com,https://github.com/gtjames/FetchExamples,0,3,3,,,,,JavaScript,Web Development
0,lecto-translation.p.rapidapi.com,https://github.com/vicentemferrer/doc_translate,1,0,0,,,,,Python,General-Purpose and Scripting
0,lecto-translation.p.rapidapi.com,https://github.com/MinhQuan-Tran/ELEC5619-Object_Oriented_Application_Frameworks,1,1,0,,,,,Java,Backend and Systems
0,lecto-translation.p.rapidapi.com,https://github.com/tisenres/EnglishGuru,1,0,2,,,,,Kotlin,Mobile App Development
0,lecto-translation.p.rapidapi.com,https://github.com/saiberio-internal/i18n-auto-translation,0,0,0,,,,,TypeScript,Web Development
0,lecto-translation.p.rapidapi.com,https://github.com/TrojanDeveloper/i18n-auto-translation,1,0,0,,,,,TypeScript,Web Development
0,lecto-translation.p.rapidapi.com,https://github.com/ioanmo226/i18n-auto-translation,0,0,0,,,,,TypeScript,Web Development
0,lecto-translation.p.rapidapi.com,https://github.com/wangwensheng001/i18n-auto-translation,0,0,0,,,,,TypeScript,Web Development
0,long-translator.p.rapidapi.com,https://github.com/senthiltechspot/Translator-App,1,0,1,,,,,JavaScript,Web Development
0,deepl-translator1.p.rapidapi.com,https://github.com/SE-advancedspo/front-end,0,0,0,,,,,Vue,Web Development
0,deepl-translator1.p.rapidapi.com,https://github.com/NinjaYoung98/your-connection,1,0,2,,,,,Java,Backend and Systems
0,deepl-translator1.p.rapidapi.com,https://github.com/exp-ext/ToDoDjangoTelBot,1,0,1,,,,,Python,General-Purpose and Scripting
0,g-translate1.p.rapidapi.com,https://github.com/cassie-s/google_translate_clone,1,0,0,,,,,JavaScript,Web Development
0,g-translate1.p.rapidapi.com,https://github.com/IT21177828/SPM_SEES_Translator,1,0,3,,,,,JavaScript,Web Development
0,g-translate1.p.rapidapi.com,https://github.com/IT21182914/English-to-Sinhala---Sinhala-to-English-Translator,1,0,1,,,,,JavaScript,Web Development
0,g-translate1.p.rapidapi.com,https://github.com/IT21177828/CSSE-Ticketing-System,1,0,1,,,,,JavaScript,Web Development
0,g-translate1.p.rapidapi.com,https://github.com/k-e-v-i-n-n-n/frenchtranslator3,1,1,0,,,,,JavaScript,Web Development
0,AWSRekognitionserg-osipchukV1.p.rapidapi.com,https://github.com/almaszaurbekov/computer-vision-python,1,0,0,,,,,Jupyter Notebook,Web Development
0,betaface-face-recognition-v1.p.rapidapi.com,https://github.com/Pavubrar/face-recognition-app,1,0,0,,,,,JavaScript,Web Development
0,everypixel-api.p.rapidapi.com,https://github.com/ErmakovStepan/predprof,5,0,0,,,,,Python,General-Purpose and Scripting
0,everypixel-api.p.rapidapi.com,https://github.com/geuntaekim25/StickyBot,0,0,0,,,,,Unknown,Unknown
0,restb-ai-watermark-detection.p.rapidapi.com,https://github.com/donaldcrane/anonymous-reporting-system,1,0,1,,,,,JavaScript,Web Development
0,restb-ai-watermark-detection.p.rapidapi.com,https://github.com/isa-group/RESTest,16,34,198,,,,,Java,Backend and Systems
0,restb-ai-watermark-detection.p.rapidapi.com,https://github.com/agiulianomirabella/mirabella2023emse,1,0,0,,,,,Java,Backend and Systems
0,masks-detection.p.rapidapi.com,https://github.com/api4ai/med-mask-examples,1,0,11,,,,,HTML,Web Development
0,face-detection6.p.rapidapi.com,https://github.com/krishilsheth404/COC,1,0,0,,,,,HTML,Web Development
0,face-detection6.p.rapidapi.com,https://github.com/ngvh2605/MyCLC,1,0,0,,,,,TypeScript,Web Development
0,face-detection6.p.rapidapi.com,https://github.com/IgorDuino/phone_classifier_bot,1,0,0,,,,,Python,General-Purpose and Scripting
0,face-detection6.p.rapidapi.com,https://github.com/nn-students-2021h2/person_recognition_7,1,2,0,,,,,Python,General-Purpose and Scripting
0,face-detection6.p.rapidapi.com,https://github.com/jakubkurgan/SimpleCamera,1,0,0,,,,,Swift,Mobile App Development
0,face-detection6.p.rapidapi.com,https://github.com/FRI-jug-sincek/Images,2,0,0,,,,,Java,Backend and Systems
0,face-detection6.p.rapidapi.com,https://github.com/11divyanshu/ValueMatrix_Backend,2,0,0,,,,,JavaScript,Web Development
0,face-detection6.p.rapidapi.com,https://github.com/lenis0012/Pixie,2,0,0,,,,,Java,Backend and Systems
0,ai-skin-beauty.p.rapidapi.com,https://github.com/hongii/id-photo-web,0,0,0,,,,,TypeScript,Web Development
0,ai-skin-beauty.p.rapidapi.com,https://github.com/CSE4205-004/id-photo-web,0,1,0,,,,,TypeScript,Web Development
0,ai-skin-beauty.p.rapidapi.com,https://github.com/sivakmar/Pixel-Perfection,1,0,0,,,,,CSS,Web Development
0,nsfw3.p.rapidapi.com,https://github.com/api4ai/nsfw-examples,1,0,12,,,,,HTML,Web Development
0,nsfw3.p.rapidapi.com,https://github.com/V-Mokhun/GameHub,1,0,4,,,,,TypeScript,Web Development
0,nsfw3.p.rapidapi.com,https://github.com/Ekit18/startup-ems,1,0,1,,,,,TypeScript,Web Development
0,image-to-text-ocr1.p.rapidapi.com,https://github.com/harleymacedo/AulaBackendDeveloper,2,0,0,,,,,JavaScript,Web Development
0,vehicle-damage-assessment.p.rapidapi.com,https://github.com/moja21/spare-parts-project,1,0,0,,,,,JavaScript,Web Development
0,vehicle-damage-assessment.p.rapidapi.com,https://github.com/glue-labs/3D-photo-viewer,1,0,0,,,,,TypeScript,Web Development
0,vehicle-damage-assessment.p.rapidapi.com,https://github.com/Yashism/carscar-backend,1,0,0,,,,,Python,General-Purpose and Scripting
0,vehicle-damage-assessment.p.rapidapi.com,https://github.com/prbjot12/CapstoneFrontend,0,0,0,,,,,PHP,General-Purpose and Scripting
0,vehicle-damage-assessment.p.rapidapi.com,https://github.com/AmmarSayari/499-spare-parts-frontend,1,0,0,,,,,JavaScript,Web Development
0,openalpr.p.rapidapi.com,https://github.com/kenchan98/kenzdemo,1,0,0,,,,,JavaScript,Web Development
0,remove-background2.p.rapidapi.com,https://github.com/jakha921/remove_photo_bg_bot,1,0,0,,,,,Python,General-Purpose and Scripting
0,regim3.p.rapidapi.com,https://github.com/objetovazio/alt-text-gpt,1,0,0,,,,,Python,General-Purpose and Scripting
0,cartoon-yourself.p.rapidapi.com,https://github.com/AyGemuy/Taylor-V2,1,10,14,,,,,JavaScript,Web Development
0,cartoon-yourself.p.rapidapi.com,https://github.com/Aril-MD/ElainaMultiDevice,1,10,3,,,,,JavaScript,Web Development
0,cartoon-yourself.p.rapidapi.com,https://github.com/abclimadasar/Taylor-V2,0,11,3,,,,,JavaScript,Web Development
0,cartoon-yourself.p.rapidapi.com,https://github.com/RazanRG/koneko-MD,1,0,0,,,,,JavaScript,Web Development
0,cartoon-yourself.p.rapidapi.com,https://github.com/AliAryanTech/Taylor-V2,1,0,1,,,,,JavaScript,Web Development
0,cartoon-yourself.p.rapidapi.com,https://github.com/Yuri-Neko/Taylor-V2,0,1,0,,,,,JavaScript,Web Development
0,cartoon-yourself.p.rapidapi.com,https://github.com/hlogic/cps,0,0,0,,,,,Unknown,Unknown
0,cartoon-yourself.p.rapidapi.com,https://github.com/joe-arms/Taylor-V2,0,0,0,,,,,JavaScript,Web Development
0,cartoon-yourself.p.rapidapi.com,https://github.com/whocares669/Taylor-V2,0,0,0,,,,,JavaScript,Web Development
0,cartoon-yourself.p.rapidapi.com,https://github.com/Maru-666/Taylor-V2,0,0,1,,,,,Unknown,Unknown
0,cartoon-yourself.p.rapidapi.com,https://github.com/wisnuary15/jyhug,1,1,0,,,,,JavaScript,Web Development
0,cartoon-yourself.p.rapidapi.com,https://github.com/Yuri-Neko/Taylorss,0,0,3,,,,,JavaScript,Web Development
0,cartoon-yourself.p.rapidapi.com,https://github.com/REPO-BOT-WA/Hinata,0,15,0,,,,,Unknown,Unknown
0,cartoon-yourself.p.rapidapi.com,https://github.com/Zeltoria/HinataV2,0,2,0,,,,,JavaScript,Web Development
0,cartoon-yourself.p.rapidapi.com,https://github.com/Yuri-Neko/HinataV2,0,16,1,,,,,JavaScript,Web Development
0,cartoon-yourself.p.rapidapi.com,https://github.com/AliAryanTech/HinataV2,1,0,1,,,,,JavaScript,Web Development
0,cartoon-yourself.p.rapidapi.com,https://github.com/nanimeko2/onigiri,0,1,0,,,,,JavaScript,Web Development
0,cartoon-yourself.p.rapidapi.com,https://github.com/Yuri-Neko/Taylors,0,0,1,,,,,JavaScript,Web Development
0,cartoon-yourself.p.rapidapi.com,https://github.com/AliAryanTech/Taylors,1,0,1,,,,,JavaScript,Web Development
0,cartoon-yourself.p.rapidapi.com,https://github.com/abclimadasar/Taylor--V2,0,14,0,,,,,JavaScript,Web Development
0,cartoon-yourself.p.rapidapi.com,https://github.com/axalbeda/magicbook,1,0,0,,,,,JavaScript,Web Development
0,cartoon-yourself.p.rapidapi.com,https://github.com/SharmajiKabetaDevesh/android_learnings_kotlin,1,0,0,,,,,C++,Backend and Systems
0,cartoon-yourself.p.rapidapi.com,https://github.com/animek12/Maxxy-Ganteng1,0,0,0,,,,,JavaScript,Web Development
0,cartoon-yourself.p.rapidapi.com,https://github.com/animek12/fin85,1,1,0,,,,,JavaScript,Web Development
0,cartoon-yourself.p.rapidapi.com,https://github.com/sivakmar/Pixel-Perfection,1,0,0,,,,,CSS,Web Development
0,nsfw1.p.rapidapi.com,https://github.com/AmazingAkai/Akai-Cogs,1,1,0,,,,,Python,General-Purpose and Scripting
0,document-ocr1.p.rapidapi.com,https://github.com/spoiledwit/Expedia,1,1,0,,,,,TypeScript,Web Development
0,document-ocr1.p.rapidapi.com,https://github.com/GUEZIR-HAMZA/Identity-Card-Scanner,1,1,0,,,,,JavaScript,Web Development
0,face-detection14.p.rapidapi.com,https://github.com/api4ai/face-analyzer-examples,1,0,11,,,,,HTML,Web Development
0,solvemedia-solver.p.rapidapi.com,https://github.com/omidostovari/Italy-Visa-Appointment,1,0,2,,,,,Python,General-Purpose and Scripting
0,faceanalysis.p.rapidapi.com,https://github.com/laavanayadhawan/moodly,1,0,0,,,,,JavaScript,Web Development
0,brand-recognition.p.rapidapi.com,https://github.com/api4ai/brand-det-examples,1,0,11,,,,,HTML,Web Development
0,brand-recognition.p.rapidapi.com,https://github.com/jeffxson/brang,1,0,0,,,,,JavaScript,Web Development
0,dog-breed-classification-api.p.rapidapi.com,https://github.com/mlemmlem-teaser/SPCK,1,0,0,,,,,HTML,Web Development
0,ocr-extract-text.p.rapidapi.com,https://github.com/AkshitCalonia/Cookify-Project,1,0,1,,,,,Python,General-Purpose and Scripting
0,ocr-extract-text.p.rapidapi.com,https://github.com/agryashu23/Atlan-Frontend,1,0,0,,,,,JavaScript,Web Development
0,ocr-extract-text.p.rapidapi.com,https://github.com/Kartik20122002/Text-Tools,1,0,0,,,,,EJS,Web Development
0,ocr-extract-text.p.rapidapi.com,https://github.com/ahmartariq/skoop-restaurant,1,0,0,,,,,JavaScript,Web Development
0,ocr-extract-text.p.rapidapi.com,https://github.com/oktamov/telegramm_bot,1,0,0,,,,,Python,General-Purpose and Scripting
0,ocr-extract-text.p.rapidapi.com,https://github.com/selen0phile/Fly.AI-Frontend,1,0,2,,,,,HTML,Web Development
0,ocr-extract-text.p.rapidapi.com,https://github.com/soufiane2001/chappv3,1,0,0,,,,,JavaScript,Web Development
0,ocr-extract-text.p.rapidapi.com,https://github.com/AneeshRijhwani25/RJPOLICE_HACK,1,1,0,,,,,JavaScript,Web Development
0,ocr-extract-text.p.rapidapi.com,https://github.com/Priyansh8888/Online-grading-System,1,0,0,,,,,Python,General-Purpose and Scripting
0,fashion4.p.rapidapi.com,https://github.com/api4ai/fashion-examples,2,1,13,,,,,HTML,Web Development
0,fashion4.p.rapidapi.com,https://github.com/aaron-rub/FP,1,3,0,,,,,Jupyter Notebook,Web Development
0,wine-recognition2.p.rapidapi.com,https://github.com/api4ai/wine-rec-examples,1,1,13,,,,,HTML,Web Development
0,thai-national-id.p.rapidapi.com,https://github.com/iapp-technology/api,2,0,1,,,,,Swift,Mobile App Development
0,pen-to-print-handwriting-ocr.p.rapidapi.com,https://github.com/reactplay/react-play,19,777,1262,,,,,JavaScript,Web Development
0,pen-to-print-handwriting-ocr.p.rapidapi.com,https://github.com/suzy-g38/react-play,0,0,0,,,,,JavaScript,Web Development
0,pen-to-print-handwriting-ocr.p.rapidapi.com,https://github.com/merri23/react-play-components,0,0,0,,,,,JavaScript,Web Development
0,pen-to-print-handwriting-ocr.p.rapidapi.com,https://github.com/malik-dinar/react-play,0,0,0,,,,,JavaScript,Web Development
0,pen-to-print-handwriting-ocr.p.rapidapi.com,https://github.com/MeethDavda/react-play-Meeth,0,0,0,,,,,JavaScript,Web Development
0,pen-to-print-handwriting-ocr.p.rapidapi.com,https://github.com/Hamza-Hasnni/react-play,0,0,0,,,,,JavaScript,Web Development
0,pen-to-print-handwriting-ocr.p.rapidapi.com,https://github.com/manuel12/react-play,0,0,1,,,,,JavaScript,Web Development
0,pen-to-print-handwriting-ocr.p.rapidapi.com,https://github.com/TheRakeshPurohit/react-play,0,0,1,,,,,JavaScript,Web Development
0,pen-to-print-handwriting-ocr.p.rapidapi.com,https://github.com/Shivam-Katare/react-play,0,0,0,,,,,JavaScript,Web Development
0,pen-to-print-handwriting-ocr.p.rapidapi.com,https://github.com/satishchakma/react-play,0,0,0,,,,,JavaScript,Web Development
0,pen-to-print-handwriting-ocr.p.rapidapi.com,https://github.com/ianujvarshney/react-play,0,0,0,,,,,JavaScript,Web Development
0,pen-to-print-handwriting-ocr.p.rapidapi.com,https://github.com/Ravi02205/react-play,0,0,0,,,,,JavaScript,Web Development
0,pen-to-print-handwriting-ocr.p.rapidapi.com,https://github.com/zabihshaik/react-play,0,0,0,,,,,JavaScript,Web Development
0,pen-to-print-handwriting-ocr.p.rapidapi.com,https://github.com/sarojdahal8848/react-play,0,0,0,,,,,JavaScript,Web Development
0,pen-to-print-handwriting-ocr.p.rapidapi.com,https://github.com/parthrc/react-play,0,0,1,,,,,Unknown,Unknown
0,pen-to-print-handwriting-ocr.p.rapidapi.com,https://github.com/micsta00/react-play,0,0,0,,,,,JavaScript,Web Development
0,pen-to-print-handwriting-ocr.p.rapidapi.com,https://github.com/Abdullah-5603/react-play,0,0,1,,,,,JavaScript,Web Development
0,pen-to-print-handwriting-ocr.p.rapidapi.com,https://github.com/kenselasie/react-play,0,0,0,,,,,JavaScript,Web Development
0,pen-to-print-handwriting-ocr.p.rapidapi.com,https://github.com/espruino/BangleApps,19,1066,456,,,,,JavaScript,Web Development
0,pen-to-print-handwriting-ocr.p.rapidapi.com,https://github.com/storm64/BangleApps,0,0,3,,,,,JavaScript,Web Development
0,pen-to-print-handwriting-ocr.p.rapidapi.com,https://github.com/gfwilliams/BangleApps,2,0,1,,,,,JavaScript,Web Development
0,pen-to-print-handwriting-ocr.p.rapidapi.com,https://github.com/sersorrel/BangleApps,2,0,0,,,,,JavaScript,Web Development
0,pen-to-print-handwriting-ocr.p.rapidapi.com,https://github.com/bobrippling/BangleApps,2,0,0,,,,,JavaScript,Web Development
0,pen-to-print-handwriting-ocr.p.rapidapi.com,https://github.com/jamespsteinberg/BangleApps,0,0,0,,,,,JavaScript,Web Development
0,pen-to-print-handwriting-ocr.p.rapidapi.com,https://github.com/BartS23/BangleApps,0,0,0,,,,,JavaScript,Web Development
0,pen-to-print-handwriting-ocr.p.rapidapi.com,https://github.com/KTibow/BangleApps,1,0,0,,,,,JavaScript,Web Development
0,pen-to-print-handwriting-ocr.p.rapidapi.com,https://github.com/halemmerich/BangleApps,1,0,0,,,,,JavaScript,Web Development
0,pen-to-print-handwriting-ocr.p.rapidapi.com,https://github.com/peerdavid/BangleApps,0,0,0,,,,,JavaScript,Web Development
0,pen-to-print-handwriting-ocr.p.rapidapi.com,https://github.com/7kasper/BangleApps,1,0,0,,,,,JavaScript,Web Development
0,pen-to-print-handwriting-ocr.p.rapidapi.com,https://github.com/indridieinarsson/BangleApps,0,0,1,,,,,JavaScript,Web Development
0,pen-to-print-handwriting-ocr.p.rapidapi.com,https://github.com/lauzonhomeschool/BangleApps,0,0,0,,,,,JavaScript,Web Development
0,pen-to-print-handwriting-ocr.p.rapidapi.com,https://github.com/thyttan/BangleApps,0,0,0,,,,,JavaScript,Web Development
0,pen-to-print-handwriting-ocr.p.rapidapi.com,https://github.com/pebl-hank/BangleApps,1,0,0,,,,,JavaScript,Web Development
0,pen-to-print-handwriting-ocr.p.rapidapi.com,https://github.com/grikell/BangleApps,0,0,0,,,,,JavaScript,Web Development
0,pen-to-print-handwriting-ocr.p.rapidapi.com,https://github.com/ikades/BangleApps,0,0,0,,,,,JavaScript,Web Development
0,pen-to-print-handwriting-ocr.p.rapidapi.com,https://github.com/andrewgoz/BangleApps,1,0,1,,,,,JavaScript,Web Development
0,pen-to-print-handwriting-ocr.p.rapidapi.com,https://github.com/siatwe/BangleApps,0,0,0,,,,,JavaScript,Web Development
0,pen-to-print-handwriting-ocr.p.rapidapi.com,https://github.com/abumalick/BangleApps,1,0,0,,,,,JavaScript,Web Development
0,pen-to-print-handwriting-ocr.p.rapidapi.com,https://github.com/trufae/BangleApps,1,0,0,,,,,JavaScript,Web Development
0,pen-to-print-handwriting-ocr.p.rapidapi.com,https://github.com/sir-indy/BangleApps,0,0,0,,,,,JavaScript,Web Development
0,pen-to-print-handwriting-ocr.p.rapidapi.com,https://github.com/splch/BangleApps,1,0,0,,,,,JavaScript,Web Development
0,pen-to-print-handwriting-ocr.p.rapidapi.com,https://github.com/Rarder44/BangleApps,1,0,0,,,,,JavaScript,Web Development
0,pen-to-print-handwriting-ocr.p.rapidapi.com,https://github.com/npbreland/BangleApps,0,0,0,,,,,JavaScript,Web Development
0,pen-to-print-handwriting-ocr.p.rapidapi.com,https://github.com/michdavidadams/BangleApps,0,0,0,,,,,JavaScript,Web Development
0,pen-to-print-handwriting-ocr.p.rapidapi.com,https://github.com/ticalc-travis/BangleApps,0,0,0,,,,,JavaScript,Web Development
0,pen-to-print-handwriting-ocr.p.rapidapi.com,https://github.com/jkdev-io/BangleApps,0,0,0,,,,,JavaScript,Web Development
0,pen-to-print-handwriting-ocr.p.rapidapi.com,https://github.com/shansou504/BangleApps,0,0,0,,,,,JavaScript,Web Development
0,pen-to-print-handwriting-ocr.p.rapidapi.com,https://github.com/stweedo/BangleApps,0,0,0,,,,,JavaScript,Web Development
0,pen-to-print-handwriting-ocr.p.rapidapi.com,https://github.com/SuperPichu/BangleApps,0,0,0,,,,,JavaScript,Web Development
0,pen-to-print-handwriting-ocr.p.rapidapi.com,https://github.com/aaronjszy/BangleApps,0,0,0,,,,,JavaScript,Web Development
0,pen-to-print-handwriting-ocr.p.rapidapi.com,https://github.com/jukioo/BangleApps,0,0,0,,,,,JavaScript,Web Development
0,pen-to-print-handwriting-ocr.p.rapidapi.com,https://github.com/JunkyByte/BangleApps_jb,0,0,0,,,,,JavaScript,Web Development
0,pen-to-print-handwriting-ocr.p.rapidapi.com,https://github.com/dashersw/BangleApps,1,0,0,,,,,JavaScript,Web Development
0,pen-to-print-handwriting-ocr.p.rapidapi.com,https://github.com/mgjslearn/BangleApps,0,1,0,,,,,JavaScript,Web Development
0,pen-to-print-handwriting-ocr.p.rapidapi.com,https://github.com/jtljac/BangleApps,0,0,0,,,,,JavaScript,Web Development
0,pen-to-print-handwriting-ocr.p.rapidapi.com,https://github.com/13hannes11/BangleApps,0,0,0,,,,,JavaScript,Web Development
0,pen-to-print-handwriting-ocr.p.rapidapi.com,https://github.com/illusion-pasture-program/BangleAppsIPP,0,0,0,,,,,JavaScript,Web Development
0,pen-to-print-handwriting-ocr.p.rapidapi.com,https://github.com/ugmurthy/KoshaBangleApps,1,0,0,,,,,JavaScript,Web Development
0,pen-to-print-handwriting-ocr.p.rapidapi.com,https://github.com/danielk98/BangleApps,0,1,1,,,,,JavaScript,Web Development
0,pen-to-print-handwriting-ocr.p.rapidapi.com,https://github.com/kp-automata/BangleApps,0,0,0,,,,,JavaScript,Web Development
0,pen-to-print-handwriting-ocr.p.rapidapi.com,https://github.com/AdibMarei/BangleApps,0,0,0,,,,,JavaScript,Web Development
0,pen-to-print-handwriting-ocr.p.rapidapi.com,https://github.com/inhof009/BangleApps,0,0,0,,,,,JavaScript,Web Development
0,pen-to-print-handwriting-ocr.p.rapidapi.com,https://github.com/olafal0/BangleApps,0,0,0,,,,,JavaScript,Web Development
0,pen-to-print-handwriting-ocr.p.rapidapi.com,https://github.com/dormio/BangleApps,0,0,0,,,,,JavaScript,Web Development
0,pen-to-print-handwriting-ocr.p.rapidapi.com,https://github.com/joyrider3774/BangleApps,0,0,0,,,,,JavaScript,Web Development
0,pen-to-print-handwriting-ocr.p.rapidapi.com,https://github.com/g-rden/BangleApps,0,0,0,,,,,JavaScript,Web Development
0,pen-to-print-handwriting-ocr.p.rapidapi.com,https://github.com/Mineinjava/BangleApps,0,0,0,,,,,JavaScript,Web Development
0,pen-to-print-handwriting-ocr.p.rapidapi.com,https://github.com/jessebot/BangleApps,0,0,0,,,,,JavaScript,Web Development
0,pen-to-print-handwriting-ocr.p.rapidapi.com,https://github.com/Ishidres/BangleApps,0,0,0,,,,,JavaScript,Web Development
0,pen-to-print-handwriting-ocr.p.rapidapi.com,https://github.com/jla-42/BangleApps,0,0,0,,,,,JavaScript,Web Development
0,pen-to-print-handwriting-ocr.p.rapidapi.com,https://github.com/Piyush-Keshri/AI_ACHEMISTS,1,0,0,,,,,JavaScript,Web Development
0,pen-to-print-handwriting-ocr.p.rapidapi.com,https://github.com/varangian-core/image_processing,1,0,0,,,,,JavaScript,Web Development
0,pen-to-print-handwriting-ocr.p.rapidapi.com,https://github.com/4GeeksAcademy/sp46-final-project-g2,1,3,2,,,,,JavaScript,Web Development
0,pen-to-print-handwriting-ocr.p.rapidapi.com,https://github.com/ISTE-VIT/Sylab.Link,0,0,0,,,,,JavaScript,Web Development
0,pen-to-print-handwriting-ocr.p.rapidapi.com,https://github.com/oscell/Feedback_hodder,1,0,0,,,,,Jupyter Notebook,Web Development
0,pen-to-print-handwriting-ocr.p.rapidapi.com,https://github.com/isakshamkumar/img-to-text,1,0,0,,,,,HTML,Web Development
0,pen-to-print-handwriting-ocr.p.rapidapi.com,https://github.com/CHRI-Lab/CoWriter-S2_2023,1,0,0,,,,,Python,General-Purpose and Scripting
0,pen-to-print-handwriting-ocr.p.rapidapi.com,https://github.com/dmcavinue/BangleApps,1,0,0,,,,,JavaScript,Web Development
0,pen-to-print-handwriting-ocr.p.rapidapi.com,https://github.com/4TWIN7-TechTitans/PI_2023_4TWIN7_TechTitans,3,2,0,,,,,JavaScript,Web Development
0,face-similarity.p.rapidapi.com,https://github.com/PresentIDco/Face-Similarity,2,2,4,,,,,C#,Backend and Systems
0,face-similarity.p.rapidapi.com,https://github.com/TonyPepeBear/FCUWebPrograming2,1,0,0,,,,,Java,Backend and Systems
0,face-enroll1.p.rapidapi.com,https://github.com/PresentIDco/Face-Enroll,2,1,2,,,,,C#,Backend and Systems
0,similarity2.p.rapidapi.com,https://github.com/RobertoSuarez/dev-paint,2,0,0,,,,,Kotlin,Mobile App Development
0,image-classification-api.p.rapidapi.com,https://github.com/agryashu23/Atlan-Frontend,1,0,0,,,,,JavaScript,Web Development
0,ocr-text-extractor.p.rapidapi.com,https://github.com/ISTE-VIT/Sylab.Link,0,0,0,,,,,JavaScript,Web Development
0,ocr-text-extractor.p.rapidapi.com,https://github.com/Rithish-Kesav/iOS_Apps,2,0,0,,,,,Swift,Mobile App Development
0,facedetection9.p.rapidapi.com,https://github.com/EyalShemuel/applirony,1,0,0,,,,,JavaScript,Web Development
0,facedetection9.p.rapidapi.com,https://github.com/talyaron/fullstack-int-aug20,3,1,1,,,,,HTML,Web Development
0,unofficial-cricbuzz.p.rapidapi.com,https://github.com/spvhantale/Cricbuzz_Clone,0,2,5,,,,,JavaScript,Web Development
0,unofficial-cricbuzz.p.rapidapi.com,https://github.com/nidhi-singh02/Bet3,2,3,1,,,,,TypeScript,Web Development
0,unofficial-cricbuzz.p.rapidapi.com,https://github.com/keyur054/crickbuzz_etl,1,0,0,,,,,Python,General-Purpose and Scripting
0,unofficial-cricbuzz.p.rapidapi.com,https://github.com/shahparshva72/CricBar,3,0,0,,,,,Swift,Mobile App Development
0,unofficial-cricbuzz.p.rapidapi.com,https://github.com/Hilton-Borah/Cricbuzz-Clone,1,1,1,,,,,HTML,Web Development
0,unofficial-cricbuzz.p.rapidapi.com,https://github.com/VijaySingh8650/cricbuzz,1,0,3,,,,,JavaScript,Web Development
0,unofficial-cricbuzz.p.rapidapi.com,https://github.com/techwithsky/cric8,1,0,0,,,,,Vue,Web Development
0,unofficial-cricbuzz.p.rapidapi.com,https://github.com/abduyus/cricket-scoring-app-basic,1,0,0,,,,,JavaScript,Web Development
0,unofficial-cricbuzz.p.rapidapi.com,https://github.com/yogesh0509/web3-DREAM11,1,1,1,,,,,JavaScript,Web Development
0,unofficial-cricbuzz.p.rapidapi.com,https://github.com/gtmray/cricket-shots,1,3,0,,,,,Jupyter Notebook,Web Development
0,unofficial-cricbuzz.p.rapidapi.com,https://github.com/Aayush-Kr-13/Cricket-Code-Hack-2302,0,0,0,,,,,Jupyter Notebook,Web Development
0,unofficial-cricbuzz.p.rapidapi.com,https://github.com/Anand930singh/Cricket-Code-Hack,1,2,0,,,,,Jupyter Notebook,Web Development
0,unofficial-cricbuzz.p.rapidapi.com,https://github.com/sumanbista/front_end_final_project,1,0,0,,,,,JavaScript,Web Development
0,premier-league-standings1.p.rapidapi.com,https://github.com/triplenmadri/spotty_server,1,1,0,,,,,JavaScript,Web Development
0,premier-league-standings1.p.rapidapi.com,https://github.com/serhatkrkmz54/react-spring-api-frontend,1,0,0,,,,,CSS,Web Development
0,americanfootballapi.p.rapidapi.com,https://github.com/GoldenMarquice/Betting-App,1,1,0,,,,,JavaScript,Web Development
0,americanfootballapi.p.rapidapi.com,https://github.com/Oriol-1/angular-nfl,1,0,0,,,,,TypeScript,Web Development
0,americanfootballapi.p.rapidapi.com,https://github.com/eeggssyy/49ers,1,0,0,,,,,JavaScript,Web Development
0,americanfootballapi.p.rapidapi.com,https://github.com/zcoons60/NFL,1,0,0,,,,,Jupyter Notebook,Web Development
0,americanfootballapi.p.rapidapi.com,https://github.com/jameshunter12/james-fastpage,1,0,1,,,,,Jupyter Notebook,Web Development
0,americanfootballapi.p.rapidapi.com,https://github.com/aaron-rub/FP,1,3,0,,,,,Jupyter Notebook,Web Development
0,odds-api1.p.rapidapi.com,https://github.com/iame-uni-bonn/final-project-s87thafe,1,0,0,,,,,Python,General-Purpose and Scripting
0,tennisapi1.p.rapidapi.com,https://github.com/raycast/extensions,23,2390,4665,,,,,TypeScript,Web Development
0,tennisapi1.p.rapidapi.com,https://github.com/Yukaii/extensions,1,0,4,,,,,TypeScript,Web Development
0,tennisapi1.p.rapidapi.com,https://github.com/raunofreiberg/raycast-extensions,0,0,3,,,,,TypeScript,Web Development
0,tennisapi1.p.rapidapi.com,https://github.com/bromanko/raycast-extensions,2,0,0,,,,,TypeScript,Web Development
0,tennisapi1.p.rapidapi.com,https://github.com/patrick91/extensions,2,0,0,,,,,TypeScript,Web Development
0,tennisapi1.p.rapidapi.com,https://github.com/futantan/extensions,2,0,1,,,,,TypeScript,Web Development
0,tennisapi1.p.rapidapi.com,https://github.com/hmarr/raycast-extensions,1,0,2,,,,,TypeScript,Web Development
0,tennisapi1.p.rapidapi.com,https://github.com/kawamataryo/extensions,2,0,0,,,,,TypeScript,Web Development
0,tennisapi1.p.rapidapi.com,https://github.com/inxilpro/raycast-extensions-fork,2,0,0,,,,,TypeScript,Web Development
0,tennisapi1.p.rapidapi.com,https://github.com/mskelton/extensions,2,0,0,,,,,TypeScript,Web Development
0,tennisapi1.p.rapidapi.com,https://github.com/loris/extensions,1,0,1,,,,,TypeScript,Web Development
0,tennisapi1.p.rapidapi.com,https://github.com/AnishDe12020/raycast-extensions,0,0,0,,,,,TypeScript,Web Development
0,tennisapi1.p.rapidapi.com,https://github.com/SKaplanOfficial/extensions,1,1,0,,,,,TypeScript,Web Development
0,tennisapi1.p.rapidapi.com,https://github.com/selfish/raycast-extensions,1,0,1,,,,,TypeScript,Web Development
0,tennisapi1.p.rapidapi.com,https://github.com/unnamedd/extensions,1,0,0,,,,,TypeScript,Web Development
0,tennisapi1.p.rapidapi.com,https://github.com/Lp-Francois/extensions,0,1,0,,,,,TypeScript,Web Development
0,tennisapi1.p.rapidapi.com,https://github.com/Centaurioun/raycast-extensions,1,0,0,,,,,TypeScript,Web Development
0,tennisapi1.p.rapidapi.com,https://github.com/sadanand-singh/extensions,1,0,0,,,,,TypeScript,Web Development
0,tennisapi1.p.rapidapi.com,https://github.com/GLaDO8/extensions,0,0,0,,,,,TypeScript,Web Development
0,tennisapi1.p.rapidapi.com,https://github.com/Ininit/extensions,0,0,1,,,,,TypeScript,Web Development
0,tennisapi1.p.rapidapi.com,https://github.com/niklaswa/extensions,0,0,0,,,,,TypeScript,Web Development
0,tennisapi1.p.rapidapi.com,https://github.com/Specifyapp/raycast-extensions,0,1,0,,,,,TypeScript,Web Development
0,tennisapi1.p.rapidapi.com,https://github.com/praveenjuge/extensions,1,0,1,,,,,TypeScript,Web Development
0,tennisapi1.p.rapidapi.com,https://github.com/designedbyclu/extensions,1,0,0,,,,,TypeScript,Web Development
0,tennisapi1.p.rapidapi.com,https://github.com/ramzimalhas/extensions,0,3,1,,,,,TypeScript,Web Development
0,tennisapi1.p.rapidapi.com,https://github.com/Sheraff/raycast-extensions,0,0,0,,,,,TypeScript,Web Development
0,tennisapi1.p.rapidapi.com,https://github.com/agusluques/extensions,1,0,0,,,,,TypeScript,Web Development
0,tennisapi1.p.rapidapi.com,https://github.com/yug2005/extensions,0,0,0,,,,,TypeScript,Web Development
0,tennisapi1.p.rapidapi.com,https://github.com/samlinville/extensions,0,0,0,,,,,TypeScript,Web Development
0,tennisapi1.p.rapidapi.com,https://github.com/josephschmitt/extensions,0,0,0,,,,,TypeScript,Web Development
0,tennisapi1.p.rapidapi.com,https://github.com/mackopes/extensions,0,0,0,,,,,TypeScript,Web Development
0,tennisapi1.p.rapidapi.com,https://github.com/willianhf/extensions,0,0,0,,,,,TypeScript,Web Development
0,tennisapi1.p.rapidapi.com,https://github.com/zxt-tzx/raycast-extensions,0,0,0,,,,,TypeScript,Web Development
0,tennisapi1.p.rapidapi.com,https://github.com/jaymody/extensions,1,0,0,,,,,TypeScript,Web Development
0,tennisapi1.p.rapidapi.com,https://github.com/dima-m711/extensions,0,0,0,,,,,TypeScript,Web Development
0,tennisapi1.p.rapidapi.com,https://github.com/nielsvanrijn/extensions,0,0,0,,,,,TypeScript,Web Development
0,tennisapi1.p.rapidapi.com,https://github.com/fairhopeweb/extensions,0,0,0,,,,,TypeScript,Web Development
0,tennisapi1.p.rapidapi.com,https://github.com/gogocharli/extensions,0,0,1,,,,,TypeScript,Web Development
0,tennisapi1.p.rapidapi.com,https://github.com/vitoorgomes/extensions,0,0,1,,,,,TypeScript,Web Development
0,tennisapi1.p.rapidapi.com,https://github.com/namzo/extensions,0,0,0,,,,,TypeScript,Web Development
0,tennisapi1.p.rapidapi.com,https://github.com/snilan/extensions,0,0,0,,,,,TypeScript,Web Development
0,tennisapi1.p.rapidapi.com,https://github.com/kudrykv/extensions,0,0,0,,,,,TypeScript,Web Development
0,tennisapi1.p.rapidapi.com,https://github.com/yufeikang/rascast-extensions,0,0,0,,,,,TypeScript,Web Development
0,tennisapi1.p.rapidapi.com,https://github.com/andreaselia/extensions,1,0,0,,,,,TypeScript,Web Development
0,tennisapi1.p.rapidapi.com,https://github.com/rawnly/raycast-extensions,1,0,1,,,,,TypeScript,Web Development
0,tennisapi1.p.rapidapi.com,https://github.com/uxkjaer/extensions,0,0,0,,,,,TypeScript,Web Development
0,tennisapi1.p.rapidapi.com,https://github.com/simicvm/extensions,0,1,0,,,,,TypeScript,Web Development
0,tennisapi1.p.rapidapi.com,https://github.com/dofy/extensions,0,0,0,,,,,TypeScript,Web Development
0,tennisapi1.p.rapidapi.com,https://github.com/zach-fuller/extensions,0,0,0,,,,,TypeScript,Web Development
0,tennisapi1.p.rapidapi.com,https://github.com/RobertBolender/extensions,1,0,0,,,,,TypeScript,Web Development
0,tennisapi1.p.rapidapi.com,https://github.com/birdmanmandbir/raycast-extensions,0,0,0,,,,,TypeScript,Web Development
0,tennisapi1.p.rapidapi.com,https://github.com/francisfeng/raycast-anybox-extension,0,0,0,,,,,TypeScript,Web Development
0,tennisapi1.p.rapidapi.com,https://github.com/josmithua/raycast-extensions,0,0,1,,,,,TypeScript,Web Development
0,tennisapi1.p.rapidapi.com,https://github.com/shoppingjaws/raycast-extensions,0,0,0,,,,,TypeScript,Web Development
0,tennisapi1.p.rapidapi.com,https://github.com/Ph-lo/raycast-extensions,0,0,0,,,,,TypeScript,Web Development
0,tennisapi1.p.rapidapi.com,https://github.com/evolify/raycast-extensions,0,0,0,,,,,TypeScript,Web Development
0,tennisapi1.p.rapidapi.com,https://github.com/MonsterDeveloper/raycast-extensions,0,0,0,,,,,TypeScript,Web Development
0,tennisapi1.p.rapidapi.com,https://github.com/enesozturk/raycast-extensions,0,0,0,,,,,TypeScript,Web Development
0,tennisapi1.p.rapidapi.com,https://github.com/denniseilander/raycast-extensions,0,0,0,,,,,TypeScript,Web Development
0,tennisapi1.p.rapidapi.com,https://github.com/badta5te/extensions,0,0,0,,,,,TypeScript,Web Development
0,tennisapi1.p.rapidapi.com,https://github.com/xiacongling/raycast-extensions,0,0,0,,,,,TypeScript,Web Development
0,tennisapi1.p.rapidapi.com,https://github.com/andre-rd-rodrigues/raycast-extensions,0,0,0,,,,,TypeScript,Web Development
0,tennisapi1.p.rapidapi.com,https://github.com/AltamimiYasser/raycast-extensions,1,0,0,,,,,TypeScript,Web Development
0,tennisapi1.p.rapidapi.com,https://github.com/dexterleng/extensions,1,0,1,,,,,TypeScript,Web Development
0,tennisapi1.p.rapidapi.com,https://github.com/skyecx/extensions,0,0,0,,,,,TypeScript,Web Development
0,tennisapi1.p.rapidapi.com,https://github.com/honeyspoon/extensions,0,0,0,,,,,TypeScript,Web Development
0,tennisapi1.p.rapidapi.com,https://github.com/loxygenK/extensions,0,0,0,,,,,TypeScript,Web Development
0,tennisapi1.p.rapidapi.com,https://github.com/xiaokyo/raycast-extensions,0,0,0,,,,,TypeScript,Web Development
0,tennisapi1.p.rapidapi.com,https://github.com/y2-Whyto/extensions,0,0,0,,,,,TypeScript,Web Development
0,tennisapi1.p.rapidapi.com,https://github.com/gskril/raycast-extensions,1,0,0,,,,,TypeScript,Web Development
0,tennisapi1.p.rapidapi.com,https://github.com/GreatTTBOY/-,0,0,0,,,,,TypeScript,Web Development
0,tennisapi1.p.rapidapi.com,https://github.com/schwa/raycast-extensions,0,0,0,,,,,TypeScript,Web Development
0,tennisapi1.p.rapidapi.com,https://github.com/meilisearch/raycast-extensions,1,0,1,,,,,TypeScript,Web Development
0,tennisapi1.p.rapidapi.com,https://github.com/darmiel/raycast-extensions,0,0,0,,,,,TypeScript,Web Development
0,tennisapi1.p.rapidapi.com,https://github.com/klu-ai/klu-raycast-old,0,0,1,,,,,Unknown,Unknown
0,tennisapi1.p.rapidapi.com,https://github.com/tangerine1202/extensions,0,0,0,,,,,TypeScript,Web Development
0,tennisapi1.p.rapidapi.com,https://github.com/webergnr/raycast-extensions,0,0,0,,,,,TypeScript,Web Development
0,tennisapi1.p.rapidapi.com,https://github.com/kusthi/raycast-extensions,0,0,0,,,,,TypeScript,Web Development
0,tennisapi1.p.rapidapi.com,https://github.com/mkosukegit/extensions,0,0,0,,,,,TypeScript,Web Development
0,tennisapi1.p.rapidapi.com,https://github.com/ryan6416/extensions,0,0,0,,,,,TypeScript,Web Development
0,tennisapi1.p.rapidapi.com,https://github.com/anothertempore/extensions,0,0,0,,,,,TypeScript,Web Development
0,tennisapi1.p.rapidapi.com,https://github.com/peppy/extensions,1,0,0,,,,,TypeScript,Web Development
0,tennisapi1.p.rapidapi.com,https://github.com/joshuata/extensions,1,0,0,,,,,TypeScript,Web Development
0,tennisapi1.p.rapidapi.com,https://github.com/Angelk90/extensions,0,0,0,,,,,TypeScript,Web Development
0,tennisapi1.p.rapidapi.com,https://github.com/crazyair/extensions,0,0,0,,,,,TypeScript,Web Development
0,tennisapi1.p.rapidapi.com,https://github.com/zhuozhiyongde/raycast-extensions,1,0,0,,,,,TypeScript,Web Development
0,tennisapi1.p.rapidapi.com,https://github.com/201549BL/raycast-extensions,0,0,0,,,,,TypeScript,Web Development
0,tennisapi1.p.rapidapi.com,https://github.com/QIanGua/extensions,0,0,0,,,,,TypeScript,Web Development
0,tennisapi1.p.rapidapi.com,https://github.com/comoser/raycast-extensions,0,1,0,,,,,TypeScript,Web Development
0,tennisapi1.p.rapidapi.com,https://github.com/cyrusn/raycast-extensions,0,0,0,,,,,TypeScript,Web Development
0,tennisapi1.p.rapidapi.com,https://github.com/johndturn/extensions,0,0,1,,,,,TypeScript,Web Development
0,tennisapi1.p.rapidapi.com,https://github.com/YANYImf/extensions,0,0,0,,,,,TypeScript,Web Development
0,tennisapi1.p.rapidapi.com,https://github.com/marlonjames71/extensions,1,0,0,,,,,TypeScript,Web Development
0,tennisapi1.p.rapidapi.com,https://github.com/RealTong/raycast-extensions,0,0,0,,,,,TypeScript,Web Development
0,tennisapi1.p.rapidapi.com,https://github.com/OleksiiSyromolotov/raycast-extensions,0,0,0,,,,,TypeScript,Web Development
0,tennisapi1.p.rapidapi.com,https://github.com/feyli/extensions,0,0,0,,,,,TypeScript,Web Development
0,tennisapi1.p.rapidapi.com,https://github.com/lamberttraccard/raycast-extensions,0,0,0,,,,,TypeScript,Web Development
0,tennisapi1.p.rapidapi.com,https://github.com/kvdo2/raycast-extensions,0,0,0,,,,,TypeScript,Web Development
0,tennisapi1.p.rapidapi.com,https://github.com/KarolusD/raycast-extensions,0,0,0,,,,,TypeScript,Web Development
0,tennisapi1.p.rapidapi.com,https://github.com/jum8ys/raycast-extensions,0,0,0,,,,,TypeScript,Web Development
0,tennisapi1.p.rapidapi.com,https://github.com/data-seed-tech/seed,1,0,0,,,,,PHP,General-Purpose and Scripting
0,tennisapi1.p.rapidapi.com,https://github.com/ubkeskin/TennisFan,1,0,0,,,,,Swift,Mobile App Development
0,tennisapi1.p.rapidapi.com,https://github.com/CJ-Mayes/Website-Tutorials,1,1,3,,,,,Jupyter Notebook,Web Development
0,tennisapi1.p.rapidapi.com,https://github.com/lacassef/recodexapicodeexamples,1,1,2,,,,,HTML,Web Development
0,tennisapi1.p.rapidapi.com,https://github.com/MN3UM0N1C/sporti,1,0,0,,,,,Python,General-Purpose and Scripting
0,tennisapi1.p.rapidapi.com,https://github.com/sarayu-pr11/Fib-s-Math,1,1,0,,,,,CSS,Web Development
0,tennisapi1.p.rapidapi.com,https://github.com/flavioribeiro/tidbyt-tennis,1,0,0,,,,,Starlark,Other
0,formula-1-all-time-statistics.p.rapidapi.com,https://github.com/kanake10/Formula-1,1,0,6,,,,,Kotlin,Mobile App Development
0,formula-1-all-time-statistics.p.rapidapi.com,https://github.com/gti-sos/SOS2122-13,1,0,0,,,,,Svelte,Web Development
0,nba-news-today.p.rapidapi.com,https://github.com/mnsykes/com6338-10-10-liu-macdonald-robertson-sykes,1,1,0,,,,,JavaScript,Web Development
0,icehockeyapi.p.rapidapi.com,https://github.com/kasnerz/quintd,4,0,0,,,,,Python,General-Purpose and Scripting
0,makevoid-skicams.p.rapidapi.com,https://github.com/levy707/Company,1,0,0,,,,,Vue,Web Development
0,heisenbug-seriea-live-scores-v1.p.rapidapi.com,https://github.com/gourranz/Soccer-Team-Tracker,1,0,0,,,,,JavaScript,Web Development
0,heisenbug-ligue-1-live-scores-v1.p.rapidapi.com,https://github.com/Stellavilar/football-results,1,0,0,,,,,JavaScript,Web Development
0,brappdbv2.p.rapidapi.com,https://github.com/byancad/Find_Your_Trail,0,0,0,,,,,JavaScript,Web Development
0,free-football-soccer-videos1.p.rapidapi.com,https://github.com/gti-sos/SOS1819-09,2,0,0,,,,,JavaScript,Web Development
0,free-football-soccer-videos1.p.rapidapi.com,https://github.com/androyt1/football-news,1,0,0,,,,,JavaScript,Web Development
0,free-football-soccer-videos1.p.rapidapi.com,https://github.com/mohamedhassanmn/vue-soccer,1,0,0,,,,,Vue,Web Development
0,free-football-soccer-videos1.p.rapidapi.com,https://github.com/fevin1414/Ruby_intro_project,1,0,0,,,,,Ruby,General-Purpose and Scripting
0,free-football-soccer-videos1.p.rapidapi.com,https://github.com/CA-G12/Baloushas,1,1,0,,,,,JavaScript,Web Development
0,free-football-soccer-videos1.p.rapidapi.com,https://github.com/Taheer10/Premier-League,1,0,0,,,,,JavaScript,Web Development
0,free-football-soccer-videos1.p.rapidapi.com,https://github.com/MukhamadTaufikurRachman/p2-iproject-server,0,0,0,,,,,JavaScript,Web Development
0,free-football-soccer-videos1.p.rapidapi.com,https://github.com/Sylvain82/datafoot,1,0,0,,,,,JavaScript,Web Development
0,free-football-soccer-videos1.p.rapidapi.com,https://github.com/MinaAashraf/Football-Live-Scores,2,1,2,,,,,Java,Backend and Systems
0,free-football-soccer-videos1.p.rapidapi.com,https://github.com/gti-sos/SOS1920-22,2,0,0,,,,,JavaScript,Web Development
0,free-football-soccer-videos.p.rapidapi.com,https://github.com/ashrofdev/soccer-highlights,2,0,0,,,,,HTML,Web Development
0,free-football-soccer-videos.p.rapidapi.com,https://github.com/RobertMiski/football-API,1,1,0,,,,,HTML,Web Development
0,free-football-soccer-videos.p.rapidapi.com,https://github.com/Dawitlior/JS-madrid-app,1,0,10,,,,,HTML,Web Development
0,free-football-soccer-videos.p.rapidapi.com,https://github.com/liketech2007/like-futebol,1,0,0,,,,,TypeScript,Web Development
0,free-football-soccer-videos.p.rapidapi.com,https://github.com/Qhingthuth/Goat-Bot-V2,1,0,0,,,,,JavaScript,Web Development
0,free-football-soccer-videos.p.rapidapi.com,https://github.com/Qhingthuth/Gtb,1,0,0,,,,,JavaScript,Web Development
0,free-football-soccer-videos.p.rapidapi.com,https://github.com/abdul-kaiyum1/Oga420,1,0,0,,,,,JavaScript,Web Development
0,free-football-soccer-videos.p.rapidapi.com,https://github.com/Bartender91/FuckreplitV2,1,0,1,,,,,JavaScript,Web Development
0,free-football-soccer-videos.p.rapidapi.com,https://github.com/Jmmy-ui/GoatBot,0,1,0,,,,,JavaScript,Web Development
0,free-football-soccer-videos.p.rapidapi.com,https://github.com/Folareen/everything-football,1,0,0,,,,,JavaScript,Web Development
0,free-football-soccer-videos.p.rapidapi.com,https://github.com/Majoralter/footnet-v2,1,0,0,,,,,Svelte,Web Development
0,free-football-soccer-videos.p.rapidapi.com,https://github.com/JasielA22/LiveScores,1,0,0,,,,,HTML,Web Development
0,free-football-soccer-videos.p.rapidapi.com,https://github.com/juanjomxm/app-news,1,0,0,,,,,JavaScript,Web Development
0,free-football-soccer-videos.p.rapidapi.com,https://github.com/gaurav884/footscore,1,0,0,,,,,JavaScript,Web Development
0,free-football-soccer-videos.p.rapidapi.com,https://github.com/gaurav884/footscore-cyclic,1,0,0,,,,,JavaScript,Web Development
0,free-football-soccer-videos.p.rapidapi.com,https://github.com/gaurav884/footscore-server,1,0,0,,,,,JavaScript,Web Development
0,free-football-soccer-videos.p.rapidapi.com,https://github.com/maticardenas/football-telegram-bot,1,1,1,,,,,Python,General-Purpose and Scripting
0,free-football-soccer-videos.p.rapidapi.com,https://github.com/WFT-Interns/saurav-login-page,0,0,0,,,,,JavaScript,Web Development
0,free-football-soccer-videos.p.rapidapi.com,https://github.com/zaydulin/chester,1,0,0,,,,,HTML,Web Development
0,free-football-soccer-videos.p.rapidapi.com,https://github.com/samspark345/Hotel_app_UI,1,0,1,,,,,JavaScript,Web Development
0,free-football-soccer-videos.p.rapidapi.com,https://github.com/Abhayp01/Liverpool,1,0,0,,,,,JavaScript,Web Development
0,free-football-soccer-videos.p.rapidapi.com,https://github.com/samspark345/football-app,1,0,0,,,,,JavaScript,Web Development
0,free-football-soccer-videos.p.rapidapi.com,https://github.com/cricht-bc/TheBackyardigans,1,0,0,,,,,JavaScript,Web Development
0,free-football-soccer-videos.p.rapidapi.com,https://github.com/CA-G12/T3-project,0,2,0,,,,,JavaScript,Web Development
0,free-football-soccer-videos.p.rapidapi.com,https://github.com/ASIF-404-CYBER/GoatBot-V2,1,3,0,,,,,JavaScript,Web Development
0,f1-live-motorsport-data.p.rapidapi.com,https://github.com/Leoshon/cifoproject,2,0,0,,,,,TypeScript,Web Development
0,f1-live-motorsport-data.p.rapidapi.com,https://github.com/HarryGoat/f1fantasy,1,0,0,,,,,TypeScript,Web Development
0,f1-live-motorsport-data.p.rapidapi.com,https://github.com/Celeprinz/Proyecto-Codo-a-codo,1,0,0,,,,,HTML,Web Development
0,f1-live-motorsport-data.p.rapidapi.com,https://github.com/rohinsood/csp,1,2,2,,,,,Jupyter Notebook,Web Development
0,f1-live-motorsport-data.p.rapidapi.com,https://github.com/gti-sos/SOS2223-12,1,1,0,,,,,JavaScript,Web Development
0,f1-live-motorsport-data.p.rapidapi.com,https://github.com/AbiolaR/f1tipper,1,0,0,,,,,Kotlin,Mobile App Development
0,f1-live-motorsport-data.p.rapidapi.com,https://github.com/rohinsood/csa,1,0,0,,,,,Jupyter Notebook,Web Development
0,f1-live-motorsport-data.p.rapidapi.com,https://github.com/gti-sos/SOS2122-21,1,0,0,,,,,Svelte,Web Development
0,f1-live-motorsport-data.p.rapidapi.com,https://github.com/rohinsood/csa-temp,0,1,1,,,,,Jupyter Notebook,Web Development
0,f1-live-motorsport-data.p.rapidapi.com,https://github.com/neu-ma-tic/test9475,1,2,2,,,,,Python,General-Purpose and Scripting
0,football_api12.p.rapidapi.com,https://github.com/triplenmadri/spotty_server,1,1,0,,,,,JavaScript,Web Development
0,football_api12.p.rapidapi.com,https://github.com/NathanNyawaya/sportydaily_server,1,0,0,,,,,JavaScript,Web Development
0,golf-leaderboard-data.p.rapidapi.com,https://github.com/juanmottesi/henry-challenge,1,0,0,,,,,TypeScript,Web Development
0,golf-leaderboard-data.p.rapidapi.com,https://github.com/ammansoomro/SportsHub,1,0,0,,,,,JavaScript,Web Development
0,golf-leaderboard-data.p.rapidapi.com,https://github.com/0xMoJo7/SwingWagerApp,1,0,0,,,,,Python,General-Purpose and Scripting
0,golf-leaderboard-data.p.rapidapi.com,https://github.com/kadowning1/golfFinalFrontEnd,1,0,1,,,,,JavaScript,Web Development
0,golf-leaderboard-data.p.rapidapi.com,https://github.com/marioposada/ranking-gof-app,1,0,0,,,,,JavaScript,Web Development
0,golf-leaderboard-data.p.rapidapi.com,https://github.com/chrisdews/golf-draft-2-draft-harder,1,0,0,,,,,TypeScript,Web Development
0,golf-leaderboard-data.p.rapidapi.com,https://github.com/joshmayeda/GGGolf,1,0,0,,,,,TypeScript,Web Development
0,golf-leaderboard-data.p.rapidapi.com,https://github.com/kadowning1/golfFinalBackEnd,1,0,1,,,,,PHP,General-Purpose and Scripting
0,api-basketball.p.rapidapi.com,https://github.com/sukeesh/Jarvis,126,1006,2852,,,,,Python,General-Purpose and Scripting
0,api-basketball.p.rapidapi.com,https://github.com/joeblankenship1/Jarvis,2,0,0,,,,,Python,General-Purpose and Scripting
0,api-basketball.p.rapidapi.com,https://github.com/iyogeshjoshi/Jarvis,1,0,0,,,,,Python,General-Purpose and Scripting
0,api-basketball.p.rapidapi.com,https://github.com/chaitanyakasaraneni/Jarvis,0,0,0,,,,,Python,General-Purpose and Scripting
0,api-basketball.p.rapidapi.com,https://github.com/anwar-aa/Jarvis,0,0,0,,,,,Python,General-Purpose and Scripting
0,api-basketball.p.rapidapi.com,https://github.com/cclauss/Jarvis,1,0,0,,,,,Python,General-Purpose and Scripting
0,api-basketball.p.rapidapi.com,https://github.com/heertheeswaran/Jarvis,0,0,0,,,,,Python,General-Purpose and Scripting
0,api-basketball.p.rapidapi.com,https://github.com/pranavnt/Jarvis,0,0,1,,,,,Python,General-Purpose and Scripting
0,api-basketball.p.rapidapi.com,https://github.com/binoy638/Jarvis,0,0,0,,,,,Python,General-Purpose and Scripting
0,api-basketball.p.rapidapi.com,https://github.com/devang-pipaliya/Jarvis,1,0,0,,,,,Python,General-Purpose and Scripting
0,api-basketball.p.rapidapi.com,https://github.com/prashantsingh2408/Jarvis-1,1,0,0,,,,,Python,General-Purpose and Scripting
0,api-basketball.p.rapidapi.com,https://github.com/OpenWeek/Jarvis,1,0,0,,,,,Python,General-Purpose and Scripting
0,api-basketball.p.rapidapi.com,https://github.com/ShreyPatel4/Jarvis,0,0,0,,,,,Python,General-Purpose and Scripting
0,api-basketball.p.rapidapi.com,https://github.com/baronrustamov/Jarvis-1,1,0,0,,,,,Python,General-Purpose and Scripting
0,api-basketball.p.rapidapi.com,https://github.com/alexhaislip/Jarvis,0,0,1,,,,,Python,General-Purpose and Scripting
0,api-basketball.p.rapidapi.com,https://github.com/Diudiuer/Jarvis,0,0,1,,,,,Python,General-Purpose and Scripting
0,api-basketball.p.rapidapi.com,https://github.com/KDSGYT/Jarvis,0,0,0,,,,,Python,General-Purpose and Scripting
0,api-basketball.p.rapidapi.com,https://github.com/whitedeviljoypow1/Jarvis-1,0,0,0,,,,,Python,General-Purpose and Scripting
0,api-basketball.p.rapidapi.com,https://github.com/kmaqsudi/Jarvis,0,0,0,,,,,Python,General-Purpose and Scripting
0,api-basketball.p.rapidapi.com,https://github.com/Thedigitalcontractor1/JarvisAI,0,0,0,,,,,Python,General-Purpose and Scripting
0,api-basketball.p.rapidapi.com,https://github.com/MrrPerfect/Jarvis,0,0,0,,,,,Python,General-Purpose and Scripting
0,api-basketball.p.rapidapi.com,https://github.com/kapoorkrish/Jarvis,0,0,0,,,,,Python,General-Purpose and Scripting
0,api-basketball.p.rapidapi.com,https://github.com/TheDamnedScientist/Jarvis,0,0,0,,,,,Python,General-Purpose and Scripting
0,api-basketball.p.rapidapi.com,https://github.com/mulugga/Jarvis,0,0,0,,,,,Python,General-Purpose and Scripting
0,api-basketball.p.rapidapi.com,https://github.com/HackerTyper10/JARVIS,1,0,1,,,,,Python,General-Purpose and Scripting
0,api-basketball.p.rapidapi.com,https://github.com/Laughable33/Jarvis-mk2,1,0,0,,,,,Python,General-Purpose and Scripting
0,api-basketball.p.rapidapi.com,https://github.com/skyleraiguy/Jarvis,1,0,0,,,,,Unknown,Unknown
0,api-basketball.p.rapidapi.com,https://github.com/Junjie-Ye/ToolEyes,3,3,44,,,,,Python,General-Purpose and Scripting
0,api-basketball.p.rapidapi.com,https://github.com/WildCodeSchool/P2-Angular-Squad-Lyon-Angular-Mars-2021,10,3,3,,,,,TypeScript,Web Development
0,api-basketball.p.rapidapi.com,https://github.com/luka2220/NBA-stats-cli,1,0,0,,,,,Go,Backend and Systems
0,api-basketball.p.rapidapi.com,https://github.com/ChemeketaCS/cs290Code,2,0,6,,,,,HTML,Web Development
0,api-basketball.p.rapidapi.com,https://github.com/dylandpowers/sports-cli,1,0,1,,,,,Python,General-Purpose and Scripting
0,api-basketball.p.rapidapi.com,https://github.com/migo1/nba-teams-stats,1,0,0,,,,,JavaScript,Web Development
0,api-basketball.p.rapidapi.com,https://github.com/robfreedy/march-madness-2023,1,0,0,,,,,Python,General-Purpose and Scripting
0,api-basketball.p.rapidapi.com,https://github.com/jose-seabra/stybot,1,0,1,,,,,JavaScript,Web Development
0,api-basketball.p.rapidapi.com,https://github.com/DonDheri/sport-site-nuxt,2,0,0,,,,,Vue,Web Development
0,api-basketball.p.rapidapi.com,https://github.com/toddbirchard/broiestbot,1,1,5,,,,,Python,General-Purpose and Scripting
0,api-basketball.p.rapidapi.com,https://github.com/Imranahmed223/Aj_Sports_Api,1,0,0,,,,,JavaScript,Web Development
0,api-basketball.p.rapidapi.com,https://github.com/sebastiaannolte/input,1,0,1,,,,,PHP,General-Purpose and Scripting
0,api-basketball.p.rapidapi.com,https://github.com/LoganBram/BuddyBets,1,0,0,,,,,JavaScript,Web Development
0,api-basketball.p.rapidapi.com,https://github.com/zero-stealth/prediction,1,0,0,,,,,Vue,Web Development
0,api-basketball.p.rapidapi.com,https://github.com/lovemore66/Basalt-nodeJs,1,0,0,,,,,TypeScript,Web Development
0,api-basketball.p.rapidapi.com,https://github.com/Rigtig123/Rigs-2-Ds-Blog,1,0,0,,,,,Jupyter Notebook,Web Development
0,api-basketball.p.rapidapi.com,https://github.com/RaducuOl/symphart-cars2click,1,0,0,,,,,CSS,Web Development
0,api-basketball.p.rapidapi.com,https://github.com/orzdk/node-exiguous,1,0,1,,,,,JavaScript,Web Development
0,api-basketball.p.rapidapi.com,https://github.com/zmalosh/BasketballData,1,0,0,,,,,C#,Backend and Systems
0,nfl-team-stats1.p.rapidapi.com,https://github.com/jcollard/FootballData,1,0,0,,,,,C#,Backend and Systems
0,tank01-mlb-live-in-game-real-time-statistics.p.rapidapi.com,https://github.com/Themika/Baseball-Website,1,0,0,,,,,CSS,Web Development
0,tank01-mlb-live-in-game-real-time-statistics.p.rapidapi.com,https://github.com/paulina-isabel/astros-insider,1,0,0,,,,,JavaScript,Web Development
0,tank01-mlb-live-in-game-real-time-statistics.p.rapidapi.com,https://github.com/brycehadl/Map-stats,2,0,0,,,,,JavaScript,Web Development
0,tank01-mlb-live-in-game-real-time-statistics.p.rapidapi.com,https://github.com/RadicalOfficial/radicalofficial.github.io,0,0,1,,,,,JavaScript,Web Development
0,tank01-mlb-live-in-game-real-time-statistics.p.rapidapi.com,https://github.com/JulianLopez2709/MUlTIAPI,1,0,0,,,,,Kotlin,Mobile App Development
0,mmaapi.p.rapidapi.com,https://github.com/TimirEr/Qick-Fight,1,1,0,,,,,JavaScript,Web Development
0,real-time-sports-news-api.p.rapidapi.com,https://github.com/zero-stealth/prediction,1,0,0,,,,,Vue,Web Development
0,nba-latest-news.p.rapidapi.com,https://github.com/lnn3333/CMPT276-Sports-Connect,1,0,0,,,,,Python,General-Purpose and Scripting
0,nba-latest-news.p.rapidapi.com,https://github.com/jillnguyen2311/NBATracker-final-project-MDIA3109,1,0,2,,,,,JavaScript,Web Development
0,nba-latest-news.p.rapidapi.com,https://github.com/Tosin2289/nba_app,2,0,0,,,,,Dart,Mobile App Development
0,nba-latest-news.p.rapidapi.com,https://github.com/brandanflores/project_2_NBAinfo,1,0,0,,,,,JavaScript,Web Development
0,nba-latest-news.p.rapidapi.com,https://github.com/zayaanm/NBACentral,1,0,0,,,,,Python,General-Purpose and Scripting
0,nba-latest-news.p.rapidapi.com,https://github.com/danielAwale/basketball-labs,1,3,0,,,,,JavaScript,Web Development
0,nba-latest-news.p.rapidapi.com,https://github.com/franckyi/basket-maniacs-web-app,2,0,0,,,,,TypeScript,Web Development
0,nba-latest-news.p.rapidapi.com,https://github.com/joaorocha75/NBA-API-APP,1,0,0,,,,,Vue,Web Development
0,nba-latest-news.p.rapidapi.com,https://github.com/mibachcha1/SportsApp,1,0,0,,,,,HTML,Web Development
0,nba-latest-news.p.rapidapi.com,https://github.com/vakson-cpu/HCI-Backend,1,0,0,,,,,JavaScript,Web Development
0,nba-latest-news.p.rapidapi.com,https://github.com/tomibar22/NBA-Dashboard,1,0,0,,,,,Python,General-Purpose and Scripting
0,nba-latest-news.p.rapidapi.com,https://github.com/vendittimartin/Big-Coach,1,0,0,,,,,Java,Backend and Systems
0,nba-latest-news.p.rapidapi.com,https://github.com/hernandeztechy/ProyectoEcommerce,1,0,0,,,,,JavaScript,Web Development
0,sport-highlights-api.p.rapidapi.com,https://github.com/AndresDiagoM/curso-asincronismo-js,1,0,0,,,,,HTML,Web Development
0,football536.p.rapidapi.com,https://github.com/NathanNyawaya/sportydaily,1,0,0,,,,,JavaScript,Web Development
0,serie-a2.p.rapidapi.com,https://github.com/prosimpleee/data_engineering_,2,0,1,,,,,Jupyter Notebook,Web Development
0,serie-a2.p.rapidapi.com,https://github.com/gti-sos/SOS2122-23,1,1,0,,,,,JavaScript,Web Development
0,api-baseball.p.rapidapi.com,https://github.com/emgullufsen/bashingz,2,0,0,,,,,Shell,General-Purpose and Scripting
0,api-baseball.p.rapidapi.com,https://github.com/toddbirchard/broiestbot,1,1,5,,,,,Python,General-Purpose and Scripting
0,api-baseball.p.rapidapi.com,https://github.com/rustybucket-cloud/mlb-stats-table,1,0,0,,,,,JavaScript,Web Development
0,api-baseball.p.rapidapi.com,https://github.com/andrew-wicker/Hackathon-chromeExtension,1,0,0,,,,,JavaScript,Web Development
0,api-baseball.p.rapidapi.com,https://github.com/alpvyas/slash-line,1,1,1,,,,,Python,General-Purpose and Scripting
0,api-baseball.p.rapidapi.com,https://github.com/ThomasWDev/AISocial,1,0,0,,,,,Swift,Mobile App Development
0,api-baseball.p.rapidapi.com,https://github.com/jeremiahmiranda79/buonos-pizza-1,1,0,0,,,,,HTML,Web Development
0,api-baseball.p.rapidapi.com,https://github.com/zmalosh/Atlantis,1,0,0,,,,,HTML,Web Development
0,api-baseball.p.rapidapi.com,https://github.com/SportsEcho/EchoProject-BE,0,3,0,,,,,Java,Backend and Systems